{"49.0068908,2.5710819691019156_48.8588897,2.3200410217200766": 31.2621, "49.0068908,2.5710819691019156_49.4404591,1.0939658": 155.81889999999999, "49.0068908,2.5710819691019156_44.4347105,5.9496043": 724.4906, "49.0068908,2.5710819691019156_48.9478648,2.3849472": 20.5665, "49.0068908,2.5710819691019156_48.8534951,2.3483915": 29.3942}